id,title,anime,link,type,artist,support
1,I Really Want to Stay At Your House,Cyberpunk: Edgerunners,https://your_supabase_url/filepath,Insert,Rosa Walton,https://open.spotify.com/artist/1X0HaTcdkHW7LviblBiEeq
2,Kamado Tanjirou no Uta,Kimetsu no Yaiba,https://your_supabase_url/filepath,Special Ending,Akano,https://open.spotify.com/artist/7i3eGEz3HNFnPOCdc7mqoq
3,Love Dramatic,Kaguya-sama: Love is War,https://your_supabase_url/filepath,Opening,Masayuki Suzuki,https://open.spotify.com/artist/7HRu4Npbza5TBWn74TkAOF
4,Grand Blue,Grand Blue,https://your_supabase_url/filepath,Opening,Shounan No Kaze,https://open.spotify.com/artist/70x6gPIjIhWtxjczooKl3p
5,memories,One Piece,https://your_supabase_url/filepath,Ending,Maki Otsuki,https://www.youtube.com/channel/UCiqNjp8Lb9tWTlVsEZJTO5g
6,Silhouette,Naruto,https://your_supabase_url/filepath,Opening,KANA-BOON,https://open.spotify.com/artist/3PWp9R5HvbQgxI5KBx5kVd
7,Clavar La Espada,Bleach,https://your_supabase_url/filepath,Insert,Shiro SAGISU,https://open.spotify.com/artist/5k3NfhEeZHpouIGDpjKOPo
8,Call of Silence,Attack on Titan, https://your_supabase_url/filepath,Insert,Sawano Hiroyuki,https://open.spotify.com/artist/0Riv2KnFcLZA3JSVryRg4y
9,Guren no Yumiya,Attack on Titan, https://your_supabase_url/filepath,Opening,LinkedHorizon,https://open.spotify.com/artist/3eNYrVLcWfjJ9JdH9kiPJO
10,Akuma no Ko,Attack on Titan, https://your_supabase_url/filepath,Ending,AiHiguchi,https://open.spotify.com/artist/4GxWcui9BlMJH9VOOK5wav
11,Tank!,Cowboy Bebop,https://your_supabase_url/filepath,Opening,SEATBELTS,https://open.spotify.com/artist/3U3zr5PCRa9ty74uN46iBa
12,Duvet,Serial Experiments Lain,https://your_supabase_url/filepath,Opening,bôa,https://open.spotify.com/artist/5jTtGLk1mGFMY5lQOvJYUj
13,Seigi Shikkou,One Punch Man,https://your_supabase_url/filepath,Insert,Makoto Miyazaki,https://open.spotify.com/artist/1wZALWJBGIrLO2j8rz4yeL
14,Idol,Oshi no Ko,https://your_supabase_url/filepath,Opening,YOASOBI,https://open.spotify.com/artist/64tJ2EAv1R6UaZqc4iOCyj
15,History Maker,Yuri on Ice,https://your_supabase_url/filepath,Opening,DEAN FUJIOKA,https://open.spotify.com/artist/59m6Auk4r76d16XDpOznCY